{"val_loss": [0.85751697089937, 0.7946476162369571, 0.7345812169473562, 0.7366404204226252, 0.6915967135287043, 0.7016964768295857, 0.7073818454101904, 0.6771892051198589, 0.6765179998839079, 0.7129889219554503, 0.7126602729161581, 0.6945515844359327, 0.6810345311663044, 0.6764950218485363, 0.7680984788866185, 0.6794627887099537, 0.7056589820491734, 0.6769868437923602, 0.6695975225363204, 0.6838299756619468, 0.6968186497688293, 0.7260532930715761, 0.7573847797379565, 0.6819557289579021, 0.6521470706854293, 0.6802887622989825, 0.6877664772432242, 0.6433206431901277, 0.683133092389178, 0.6786899326452568, 0.6831761532359653, 0.7375490923426045, 0.6930031046938541, 0.6648006643821944, 0.6668725600883142, 0.6883712864633816, 0.6743825905358614, 0.6858378888955757, 0.6973568903866099, 0.6608915186640042, 0.7160108089447021, 0.6641882462288017, 0.663209290646795, 0.7151215076446533, 0.6995744465002373, 0.6601121051987605, 0.6728937990629851, 0.708783619439424, 0.6556671555362531, 0.6722894551149056], "val_acc": [0.8628472222222222, 0.8768656725314126, 0.9123134328358209, 0.9123134337254425, 0.934701493426935, 0.9384328367105171, 0.9440298498566471, 0.9421641782148561, 0.9477611931402292, 0.9365671650687261, 0.9375, 0.940298506573065, 0.9384328367105171, 0.9365671650687261, 0.9309701492537313, 0.9477611931402292, 0.9477611931402292, 0.9496268665612634, 0.9440298507462687, 0.9440298516358903, 0.9479166666666666, 0.9347014925373134, 0.9235074617969457, 0.9421641791044776, 0.9570895513491844, 0.9458955223880597, 0.9440298507462687, 0.957089552238806, 0.9384328349312739, 0.9496268656716418, 0.9496527777777778, 0.9291044767223188, 0.9328358208955224, 0.9458955232776812, 0.9514925382030543, 0.9421641799940992, 0.9458955214984381, 0.9514925382030543, 0.9458955232776812, 0.9552238814866365, 0.9357638888888888, 0.9570895513491844, 0.9477611931402292, 0.9347014925373134, 0.9384328358208955, 0.9533582080656023, 0.9514925373134329, 0.9309701492537313, 0.9589552247702186, 0.9496268665612634], "loss": [1.3441591059289328, 0.849555229268423, 0.784617773643354, 0.7479886667030614, 0.7275233748482495, 0.7157632810313527, 0.704668237668712, 0.6928275721829112, 0.6868265162153941, 0.6855361076389871, 0.676928832036693, 0.6646774825526447, 0.6625987480326396, 0.6624759791827783, 0.6535412356620882, 0.6546796720202376, 0.6462443739902682, 0.650585602696349, 0.6407894702946267, 0.641679073979215, 0.6367027258000723, 0.6351745194051324, 0.632060045876154, 0.6356776850979503, 0.6237091974514287, 0.6313436532892832, 0.6245008750659663, 0.6207367167240236, 0.6181870924263466, 0.6162754653430567, 0.614553880400774, 0.6143999862961653, 0.6117689362386378, 0.6124941844765733, 0.6079218314915169, 0.6097888241453868, 0.6079617375280799, 0.6036388030866298, 0.6058216065895267, 0.6007803605823983, 0.6032601064298211, 0.5961742401123047, 0.595543846124556, 0.5987480333665522, 0.5962643964988429, 0.594659241234384, 0.5908657072520838, 0.5933372683641387, 0.5893210696011055, 0.586940586566925], "acc": [0.8216463414634146, 0.8826219512195121, 0.9018673780487805, 0.9171112804878049, 0.926829268292683, 0.9279725609756098, 0.9293064024390244, 0.9375, 0.9367378048780488, 0.9390243902439024, 0.9418826219512195, 0.9451219512195121, 0.9466463414634146, 0.9453125, 0.9496951219512195, 0.9491234756097561, 0.9489329268292683, 0.9493140243902439, 0.9529344512195121, 0.9544588414634146, 0.958079268292683, 0.953125, 0.9565548780487805, 0.9557926829268293, 0.9590320121951219, 0.9544588414634146, 0.9588414634146342, 0.9601753048780488, 0.9615091463414634, 0.9607469512195121, 0.9622713414634146, 0.9624618902439024, 0.9649390243902439, 0.9645579268292683, 0.9647484756097561, 0.9632240853658537, 0.963795731707317, 0.9681783536585366, 0.9643673780487805, 0.9664634146341463, 0.9651295731707317, 0.967797256097561, 0.9685594512195121, 0.9691310975609756, 0.9681783536585366, 0.9679878048780488, 0.969702743902439, 0.9693216463414634, 0.969702743902439, 0.9714176829268293]}