{"R": 145.4492673183233, "G": 145.4492673183233, "B": 145.4492673183233}