{"val_loss": [0.8810117708312141, 0.7897706031799316, 0.7876232826887671, 0.7497026911422388, 0.8422748695558576, 0.7036678079348891, 0.8115391304243856, 0.7289548009189207, 0.6968384892193239, 0.6975070843056067, 0.6862301561567519, 0.7147187492740688, 0.6779402636769992, 0.6764254854686225, 0.6653662110442546, 0.6798132551250173, 0.67151321492978, 0.661306974603169, 0.6510427327298406, 0.6619705780228572, 0.6605995297431946, 0.6604255509020677, 0.6798388424204357, 0.6626636839624661, 0.6715445998889297, 0.6770236136308357, 0.6576048838558481, 0.6507182183550365, 0.6655511633673711, 0.6568475499081967, 0.6722385883331299, 0.6666287352789694, 0.6737727682981918, 0.6770961346910961, 0.6646354785606042, 0.6776760398451962, 0.69662730729402, 0.6540929879715194, 0.6578233064110599, 0.7007941879443268, 0.6758883198102316, 0.6686853375007857, 0.6936195394886073, 0.6593780375238675, 0.6591729076940622, 0.679154683404894, 0.6789967773565605, 0.677263617515564, 0.6506348278985095, 0.6729822363426436, 0.6725469430287679, 0.6814533267448197, 0.6764114997280177, 0.667310593733147, 0.654729446368431, 0.6773187509223596, 0.668369751367996, 0.6562688786592057, 0.6452134251594543, 0.6663565662369799, 0.6664608584509956, 0.676039324767554, 0.6786482334136963, 0.6634888052940369, 0.6544664404285487, 0.672874802973733, 0.6666530815523062, 0.6529783437501139, 0.6468211794967083, 0.6688314356021027, 0.6633719669448005, 0.6757035878167224, 0.6788627816669977, 0.6637659722299718, 0.6559451685022952], "val_acc": [0.8611111111111112, 0.8917910438864979, 0.8936567155282888, 0.9197761202926067, 0.8880597023821589, 0.9384328367105171, 0.9029850755164872, 0.9309701492537313, 0.9477611949194723, 0.9402985074626866, 0.9548611111111112, 0.9328358208955224, 0.9533582089552238, 0.9533582089552238, 0.9514925364238113, 0.9552238814866365, 0.9514925382030543, 0.9496268647820202, 0.9552238814866365, 0.9514925364238113, 0.9548611111111112, 0.9589552229909755, 0.9477611931402292, 0.9496268647820202, 0.9477611931402292, 0.9440298516358903, 0.9589552238805971, 0.9533582080656023, 0.9458955223880597, 0.9458955214984381, 0.9461805555555556, 0.9533582080656023, 0.9458955232776812, 0.9384328358208955, 0.9458955232776812, 0.9440298516358903, 0.9291044776119403, 0.9514925382030543, 0.9477611949194723, 0.9291044776119403, 0.9427083333333334, 0.9458955214984381, 0.9328358217851439, 0.9458955214984381, 0.9477611949194723, 0.9402985083523081, 0.9384328367105171, 0.9384328358208955, 0.9514925382030543, 0.9421641799940992, 0.9444444444444444, 0.9402985083523081, 0.9384328367105171, 0.9421641799940992, 0.9458955232776812, 0.9440298516358903, 0.9458955232776812, 0.9533582098448454, 0.9533582098448454, 0.9421641799940992, 0.9461805555555556, 0.9440298516358903, 0.9384328367105171, 0.9421641799940992, 0.9458955232776812, 0.9421641799940992, 0.9458955232776812, 0.9533582098448454, 0.9552238814866365, 0.9440298516358903, 0.9479166666666666, 0.9440298516358903, 0.9402985083523081, 0.9440298516358903, 0.9477611949194723], "loss": [1.2905480658135764, 0.8555948407184787, 0.7858145716713696, 0.7539094446635828, 0.7386621920073905, 0.7287521936544558, 0.7140135728731388, 0.7038323457648115, 0.6944060180245376, 0.6867655755543127, 0.6755786479973211, 0.6715929028464527, 0.6710157699701262, 0.6687691306195608, 0.6627095894115728, 0.6514490435763103, 0.6538508534431458, 0.6521013655313631, 0.642984481119528, 0.6380867347484682, 0.639779781422964, 0.6327985503324648, 0.6375632744009901, 0.6343363421719249, 0.626325283108688, 0.6279772549140744, 0.6245172750659105, 0.62977605476612, 0.6220016268695273, 0.6239103791190357, 0.6214620471000671, 0.616696768417591, 0.6145300581687834, 0.6158274637489785, 0.6149745307317595, 0.6171383828651614, 0.6129660213865885, 0.6145385169401402, 0.6135778565232347, 0.6073104361208473, 0.6059224416569966, 0.6079026780477385, 0.6080817529341069, 0.605328008895967, 0.6070440193501915, 0.609612144348098, 0.604490142043044, 0.6021401148016859, 0.6050624411280562, 0.601380343117365, 0.6049999114943714, 0.6042449147236056, 0.599773702824988, 0.6073210559240202, 0.6040289082178255, 0.6006192165177043, 0.6016239989094618, 0.6039636709341188, 0.6007389557070848, 0.5980348630649287, 0.6031648058716844, 0.5983853420106376, 0.600617395668495, 0.6013198167812533, 0.5991564865519361, 0.6012315234033073, 0.6029316826564509, 0.5984743680895829, 0.6025269271397009, 0.6021135289494585, 0.5985905680714584, 0.6005355563105607, 0.599831347058459, 0.6012359683106585, 0.6013423800468445], "acc": [0.8227896341463414, 0.8839557926829268, 0.9058689024390244, 0.9173018292682927, 0.9224466463414634, 0.9245426829268293, 0.9308307926829268, 0.9334984756097561, 0.9386432926829268, 0.9413109756097561, 0.9455030487804879, 0.9468368902439024, 0.9483612804878049, 0.9472179878048781, 0.9491234756097561, 0.9538871951219512, 0.9535060975609756, 0.9508384146341463, 0.9571265243902439, 0.9607469512195121, 0.9576981707317073, 0.9613185975609756, 0.959984756097561, 0.9584603658536586, 0.9645579268292683, 0.9603658536585366, 0.9636051829268293, 0.9605564024390244, 0.9636051829268293, 0.963795731707317, 0.9649390243902439, 0.9664634146341463, 0.9676067073170732, 0.9655106707317073, 0.9674161585365854, 0.9647484756097561, 0.969702743902439, 0.9657012195121951, 0.9664634146341463, 0.971608231707317, 0.9721798780487805, 0.9685594512195121, 0.9689405487804879, 0.9698932926829268, 0.9679878048780488, 0.9664634146341463, 0.9719893292682927, 0.9721798780487805, 0.9714176829268293, 0.9729420731707317, 0.9700838414634146, 0.9712271341463414, 0.9719893292682927, 0.9708460365853658, 0.9706554878048781, 0.9727515243902439, 0.9733231707317073, 0.971608231707317, 0.9723704268292683, 0.9740853658536586, 0.9714176829268293, 0.9731326219512195, 0.9727515243902439, 0.9698932926829268, 0.9725609756097561, 0.9700838414634146, 0.9702743902439024, 0.9742759146341463, 0.9700838414634146, 0.9700838414634146, 0.9725609756097561, 0.9731326219512195, 0.9708460365853658, 0.9710365853658537, 0.9712271341463414], "lr": [0.10000000149011612, 0.09669992327690125, 0.09346607327461243, 0.09029798954725266, 0.08719522505998611, 0.08415732532739639, 0.08118383586406708, 0.07827428728342056, 0.07542821764945984, 0.0726451575756073, 0.06992463767528534, 0.06726618111133575, 0.06466931104660034, 0.062133535742759705, 0.05965837463736534, 0.05724333971738815, 0.054887931793928146, 0.05259165167808533, 0.0503540001809597, 0.04817446693778038, 0.046052537858486176, 0.0439876988530159, 0.04197942838072777, 0.0400271974503994, 0.03813048079609871, 0.03628873825073242, 0.03450142592191696, 0.03276799991726875, 0.031087907031178474, 0.029460588470101357, 0.027885479852557182, 0.026362011209130287, 0.02488960325717926, 0.02346767485141754, 0.022095635533332825, 0.020772885531187057, 0.01949882134795189, 0.018272830173373222, 0.017094293609261513, 0.01596258021891117, 0.01487705484032631, 0.01383707020431757, 0.012841971591114998, 0.011891093105077744, 0.01098376139998436, 0.010119288228452206, 0.009296978823840618, 0.008516122587025166, 0.0077760000713169575, 0.007075875997543335, 0.006415002979338169, 0.005792618729174137, 0.005207945592701435, 0.004660189151763916, 0.00414853822439909, 0.0036721620708703995, 0.0032302106264978647, 0.0028218121733516455, 0.0024460714776068926, 0.0021020681597292423, 0.0017888543661683798, 0.0015054520918056369, 0.0012508499203249812, 0.0010239999974146485, 0.0008238128502853215, 0.0006491526728495955, 0.0004988306318409741, 0.0003715966595336795, 0.0002661288308445364, 0.00018101933528669178, 0.00011475506471469998, 6.568962999153882e-05, 3.199999991920777e-05, 1.1612395610427484e-05]}