{"val_loss": [8.170527564154732, 6.361507636397632, 7.3012627203073075, 5.504012933417933, 4.944813308431141, 2.90923720687183, 4.441102497613252, 4.157987733385456, 2.6223789506883763, 1.795259824439661, 2.3867529498206244, 1.6422616937267247], "val_acc": [0.7864583333333334, 0.7611940298507462, 0.522388058811871, 0.710820895522388, 0.7201492537313433, 0.8097014925373134, 0.7276119402985075, 0.7294776119402985, 0.7220149253731343, 0.8208955214984381, 0.734375, 0.7257462686567164], "loss": [8.059679653909471, 6.318893895901912, 5.165597420672845, 4.255341687471417, 3.5372712342145927, 2.9447064155775435, 2.5270457017562458, 2.1960493201608995, 1.8820309684846825, 1.689969195723273, 1.5064906589735738, 1.3268987513234847], "acc": [0.7708333333333334, 0.8515522517019555, 0.8670747705458761, 0.8731963269096511, 0.881722780961786, 0.8928727589166472, 0.8979011806119828, 0.8963707914819454, 0.903804110240144, 0.9057717534408436, 0.9086139047046806, 0.918670747756541], "lr": [0.0010000000474974513, 0.0009603999787941575, 0.0009215999743901193, 0.0008835999760776758, 0.000846399983856827, 0.0008099999977275729, 0.0007744000176899135, 0.0007395999855361879, 0.0007056000176817179, 0.0006723999977111816, 0.0006399999838322401]}