{"val_loss": [8.170527564154732, 6.361507636397632, 7.3012627203073075, 5.504012933417933, 4.944813308431141], "val_acc": [0.7864583333333334, 0.7611940298507462, 0.522388058811871, 0.710820895522388, 0.7201492537313433], "loss": [8.059679653909471, 6.318893895901912, 5.165597420672845, 4.255341687471417, 3.5372712342145927], "acc": [0.7708333333333334, 0.8515522517019555, 0.8670747705458761, 0.8731963269096511, 0.881722780961786], "lr": [0.0010000000474974513, 0.0009603999787941575, 0.0009215999743901193, 0.0008835999760776758]}