{"val_loss": [8.170527564154732], "val_acc": [0.7864583333333334], "loss": [8.059679653909471], "acc": [0.7708333333333334]}