{"val_loss": [8.170527564154732, 6.361507636397632, 7.3012627203073075, 5.504012933417933, 4.944813308431141, 2.90923720687183, 4.441102497613252, 4.157987733385456, 2.6223789506883763, 1.795259824439661, 2.3867529498206244, 1.6422616937267247, 2.715567197372664, 2.7928667353160344, 1.687301502298953, 1.1619662348903828, 1.3746721708952492, 1.1671970655669028, 1.6565675539756888, 0.7465386310620095, 0.713766508632236, 1.9253104338005407, 0.833108824580463, 0.60256498073464, 1.9299861673098893, 0.5759904584777888, 1.3819490653365405, 0.5075862621193501, 1.3607213728463472, 0.5658858084856574, 0.9454255236519707, 0.48988620113970627, 0.5049042617207142, 0.47802692918635126, 0.4606854190577322, 0.4380771179697407, 0.4183867707181333, 0.39259495575036574, 0.4779916512432383, 0.39886574113546913, 0.3821909295188056, 0.3798031851426879, 0.3961909862596597, 0.4001572216624644, 0.3980033829141019, 0.4069432456101944, 0.4163622113306131, 0.41015471985091023, 0.3999408608052268, 0.4265694658258068], "val_acc": [0.7864583333333334, 0.7611940298507462, 0.522388058811871, 0.710820895522388, 0.7201492537313433, 0.8097014925373134, 0.7276119402985075, 0.7294776119402985, 0.7220149253731343, 0.8208955214984381, 0.734375, 0.7257462686567164, 0.7332089552238806, 0.7238805970149254, 0.7257462686567164, 0.8302238805970149, 0.7388059710388752, 0.7649253740239499, 0.5802238805970149, 0.9067164188000694, 0.921875, 0.7313432835820896, 0.8694029859642485, 0.9384328358208955, 0.5559701492537313, 0.9291044767223188, 0.7388059710388752, 0.9309701501433529, 0.7220149262627559, 0.9216417901551546, 0.7725694444444444, 0.9328358217851439, 0.9328358217851439, 0.9384328367105171, 0.9458955214984381, 0.9253731352179798, 0.9477611940298507, 0.9477611931402292, 0.9272388068597708, 0.9458955223880597, 0.9496527777777778, 0.9533582080656023, 0.940298506573065, 0.9440298498566471, 0.940298506573065, 0.9328358217851439, 0.9309701501433529, 0.9384328349312739, 0.9384328349312739, 0.9328358200059008], "loss": [8.059679653909471, 6.318893895901912, 5.165597420672845, 4.255341687471417, 3.5372712342145927, 2.9447064155775435, 2.5270457017562458, 2.1960493201608995, 1.8820309684846825, 1.689969195723273, 1.5064906589735738, 1.3268987513234847, 1.1690494661827404, 1.0643931783126543, 0.999507657971818, 0.9299984482317759, 0.8673069755427432, 0.8021191122962441, 0.7529902614043903, 0.7178873050457847, 0.6962515450639395, 0.6573233258583476, 0.6203815795523556, 0.606468910049235, 0.5986130415064099, 0.5838301002484093, 0.532999080304866, 0.5092066700379297, 0.47820758608474867, 0.4667848178690888, 0.4582425530529147, 0.45623227433966507, 0.44131740996761515, 0.43365516481985417, 0.4207214091378734, 0.4021477423018642, 0.39024340530436374, 0.38569113782883524, 0.37163085378722743, 0.3695729270766383, 0.36456701016134185, 0.35671549437345246, 0.34678213983109596, 0.3468022961829185, 0.3329683279673189, 0.3309089646205977, 0.32891514211906114, 0.3325245656532443, 0.33355791454342293, 0.3259509790006245], "acc": [0.7708333333333334, 0.8515522517019555, 0.8670747705458761, 0.8731963269096511, 0.881722780961786, 0.8928727589166472, 0.8979011806119828, 0.8963707914819454, 0.903804110240144, 0.9057717534408436, 0.9086139047046806, 0.918670747756541, 0.9226060339233789, 0.9226060341840026, 0.9223874071356403, 0.9293834716146775, 0.929164844826939, 0.9291648448008766, 0.932006995882277, 0.9339746390829766, 0.9331001309937768, 0.9352864014252753, 0.9414079578672375, 0.9359422822836762, 0.9359422825182375, 0.9289462177525142, 0.9425010931351115, 0.9425010931351115, 0.9490599036216736, 0.9442501093395735, 0.9479667685101738, 0.9438128550864746, 0.9464363793540741, 0.9481853957149103, 0.9492785308264101, 0.952120681933873, 0.9525579359784729, 0.9543069523653716, 0.9578049845136718, 0.9575863576738085, 0.956711849402172, 0.9562745953575721, 0.959554000874508, 0.9584608655805718, 0.9643637951826706, 0.962177524959671, 0.9623961521644075, 0.9628334062090075, 0.9584608657630083, 0.9639265413205073], "lr": [0.0010000000474974513, 0.0009603999787941575, 0.0009215999743901193, 0.0008835999760776758, 0.000846399983856827, 0.0008099999977275729, 0.0007744000176899135, 0.0007395999855361879, 0.0007056000176817179, 0.0006723999977111816, 0.0006399999838322401, 0.0006083999760448933, 0.0005775999743491411, 0.0005475999787449837, 0.0005183999892324209, 0.0004900000058114529, 0.00046239999937824905, 0.00043559999903663993, 0.0004096000047866255, 0.0003843999875243753, 0.0003600000054575503, 0.0003364000003784895, 0.0003136000013910234, 0.000291600008495152, 0.00027039999258704484, 0.0002500000118743628, 0.00023039999359752983, 0.00021159999596420676, 0.00019360000442247838, 0.00017640000442042947, 0.00015999999595806003, 0.00014439999358728528, 0.00012959999730810523, 0.00011559999984456226, 0.00010240000119665638, 9.000000136438757e-05, 7.840000034775585e-05, 6.759999814676121e-05, 5.759999839938246e-05, 4.8400001105619594e-05, 3.9999998989515007e-05, 3.239999932702631e-05, 2.5600000299164094e-05, 1.9600000086938962e-05, 1.4399999599845614e-05, 9.999999747378752e-06, 6.4000000747910235e-06, 3.5999998999614036e-06, 1.6000000186977559e-06]}