{"val_loss": [4.972389777501424, 0.9776596186765983, 0.7779183681331464, 0.7772239473328661, 0.7553462617432893, 0.784829910121747, 0.7373129485258415, 0.7094348099694323, 0.7176078611345433, 0.7190238086145315, 0.7110885315471225, 0.7072455687309379, 0.6954473515055073, 0.6956295735800444, 0.6787664205280702, 0.7073115928849177, 0.6830715047779368, 0.6676370465933387, 0.6761678697457955, 0.6816748709820989, 0.6841536892784966, 0.6949344135042447, 0.6888286026556101, 0.6993612148868504, 0.6841922820504032, 0.700704811224297, 0.6805699022848215, 0.6705990344730776, 0.6756980098895172, 0.6884737379515349, 0.6797961725129021, 0.6918323102282055, 0.6922622047253509, 0.6806884826119266, 0.6695191059539567, 0.6831711895430266, 0.6769849008588649, 0.6707015473451188, 0.6729617946183504, 0.6828862980230531, 0.6780266165733337, 0.6920428631910637, 0.693790119085739, 0.6854722597705785, 0.671269883860403, 0.6860591822595739, 0.6813741255162368, 0.6667313522367335, 0.6718435812352309, 0.6803009839200261], "val_acc": [0.7239583333333334, 0.8339552238805971, 0.9141791035879904, 0.9029850755164872, 0.9216417901551546, 0.9179104468715724, 0.9347014916476919, 0.9328358200059008, 0.934701493426935, 0.9365671641791045, 0.9357638888888888, 0.9514925364238113, 0.9421641782148561, 0.9477611949194723, 0.9589552247702186, 0.9440298516358903, 0.9514925373134329, 0.9533582098448454, 0.9496268665612634, 0.9514925382030543, 0.9496527777777778, 0.9384328367105171, 0.9402985083523081, 0.9328358208955224, 0.9365671641791045, 0.9347014925373134, 0.9477611949194723, 0.9514925382030543, 0.9458955232776812, 0.9384328358208955, 0.9496527777777778, 0.9440298507462687, 0.9421641799940992, 0.9514925382030543, 0.9533582098448454, 0.9477611949194723, 0.9533582098448454, 0.9496268665612634, 0.9477611949194723, 0.9440298516358903, 0.9479166666666666, 0.9440298516358903, 0.9421641799940992, 0.9440298516358903, 0.9477611949194723, 0.9440298516358903, 0.9477611949194723, 0.9514925382030543, 0.9477611949194723, 0.9514925382030543], "loss": [4.770734379931194, 2.0111385838287634, 0.857925526979493, 0.7829618337677746, 0.762932605132824, 0.7399529952828477, 0.7247888365896736, 0.7132376032631572, 0.7023489249915611, 0.6967311850408229, 0.693788634567726, 0.6814539040007243, 0.6852228219916181, 0.6754725902545743, 0.6732553810608096, 0.671171157098398, 0.6650727820105669, 0.6664042451032778, 0.6597468169724069, 0.659172196940678, 0.65786036122136, 0.6587882289072362, 0.652338890767679, 0.6528182146025867, 0.6469968390174028, 0.6494767702207332, 0.649333911698039, 0.643741117744911, 0.6443488874086519, 0.6439081830222432, 0.6443200227690906, 0.6386924306067024, 0.6422676313214186, 0.6418237707963804, 0.6403851283759605, 0.6444355387513231, 0.6390977778085848, 0.6373933328361046, 0.6408241282149059, 0.6404335186248873, 0.6385481902738896, 0.6421840685169872, 0.6394153266418271, 0.6423638128652805, 0.6389949816029247, 0.6422091024677928, 0.6449166463642586, 0.6401870054442708, 0.6370797491655117, 0.6422394063414597], "acc": [0.7271341463414634, 0.8142149390243902, 0.8849085365853658, 0.9047256097560976, 0.9195884146341463, 0.9281631097560976, 0.9300685975609756, 0.9350228658536586, 0.9409298780487805, 0.9418826219512195, 0.9447408536585366, 0.9479801829268293, 0.9472179878048781, 0.9498856707317073, 0.9487423780487805, 0.9489329268292683, 0.953125, 0.9525533536585366, 0.9554115853658537, 0.9535060975609756, 0.9523628048780488, 0.9517911585365854, 0.9569359756097561, 0.9548399390243902, 0.9576981707317073, 0.9582698170731707, 0.9586509146341463, 0.9590320121951219, 0.9588414634146342, 0.963795731707317, 0.9603658536585366, 0.959984756097561, 0.9620807926829268, 0.959984756097561, 0.9601753048780488, 0.9596036585365854, 0.9611280487804879, 0.9626524390243902, 0.9622713414634146, 0.9613185975609756, 0.9613185975609756, 0.9605564024390244, 0.9632240853658537, 0.961890243902439, 0.9628429878048781, 0.9626524390243902, 0.9584603658536586, 0.9615091463414634, 0.9630335365853658, 0.9620807926829268], "lr": [0.10000000149011612, 0.09507475048303604, 0.09029798954725266, 0.08566819876432419, 0.08118383586406708, 0.07684334367513657, 0.0726451575756073, 0.06858768314123154, 0.06466931104660034, 0.06088840961456299, 0.05724333971738815, 0.053732432425022125, 0.0503540001809597, 0.04710633307695389, 0.0439876988530159, 0.04099634289741516, 0.03813048079609871, 0.03538830950856209, 0.03276799991726875, 0.030267685651779175, 0.027885479852557182, 0.02561946026980877, 0.02346767485141754, 0.02142813615500927, 0.01949882134795189, 0.01767767034471035, 0.01596258021891117, 0.01435140985995531, 0.012841971591114998, 0.011432026512920856, 0.010119288228452206, 0.008901413530111313, 0.0077760000713169575, 0.006740580312907696, 0.005792618729174137, 0.004929502960294485, 0.00414853822439909, 0.003446937305852771, 0.0028218121733516455, 0.002270161174237728, 0.0017888543661683798, 0.0013746155891567469, 0.0010239999974146485, 0.0007333648391067982, 0.0004988306318409741, 0.0003162277571391314, 0.00018101933528669178, 8.818163041723892e-05, 3.199999991920777e-05]}