{"val_loss": [1.2398046520021226, 0.8968838933688491, 0.9170110190092627, 0.8377940708131932, 0.7219076245578367, 0.21138467895450877, 0.26096130129116685, 0.1369772028567186, 0.7890721292638067, 1.091606241553577, 3.5401763916015625, 2.3322695547075414, 1.1259548859809763, 1.8199346029936379, 1.5475006245855074, 0.4335389902342611, 0.6774773313038385, 0.8483521208834293, 1.8790451163676247, 0.4846564700354391, 0.4143900407685174, 0.328113780537648, 0.44138544152921705, 0.5256684115573541, 0.16030032621390783, 0.49886332630221525, 0.1624655999354462, 0.7366802745790624, 0.2648039851615678, 0.15578327494770733, 0.18033636692497465, 0.17006024584841373, 0.6778729824877497, 0.4308997659540888, 0.24156546103420543, 0.117716708324794, 0.18117375962380597, 0.5139540952088227, 0.20481078560227778, 0.19483125288692763, 0.5387248165077634, 0.39037603673650256, 0.7745937696143762, 0.5778458572145718, 0.3520769926531713, 0.16414651206569442, 0.1579848232804172, 0.30971773085531906, 0.3996782005806245, 0.2645738003636474], "val_acc": [0.8715277777777778, 0.8059701483641097, 0.815298506573065, 0.8171641791044776, 0.8656716417910447, 0.9365671632894829, 0.9085820886626172, 0.9533582089552238, 0.8190298507462687, 0.7686567155282888, 0.7413194444444444, 0.7313432844717112, 0.7462686576060394, 0.7294776128299201, 0.770522388949323, 0.8936567164179104, 0.875, 0.8395522379163486, 0.7611940307403678, 0.8955223871700799, 0.9166666666666666, 0.9291044776119403, 0.9272388050805277, 0.9029850755164872, 0.9608208946327665, 0.8824626874567857, 0.9421641791044776, 0.850746269546338, 0.9272388068597708, 0.9402985074626866, 0.9427083333333334, 0.9477611949194723, 0.7966417910447762, 0.9104477603044083, 0.9402985083523081, 0.9701492546209648, 0.9701492546209648, 0.9141791035879904, 0.9589552247702186, 0.9626865680538007, 0.9270833333333334, 0.9197761202926067, 0.9029850737372441, 0.9160447761194029, 0.9496268656716418, 0.9720149253731343, 0.9701492546209648, 0.9552238805970149, 0.9514925373134329, 0.9626865671641791], "loss": [1.0748395099201136, 0.3020638971353635, 0.2856898665739413, 0.24794751317528044, 0.2150024598945837, 0.19278560097680286, 0.1827050837565755, 0.17363805465847643, 0.15501922439683302, 0.13273921651721934, 0.16801280776659647, 0.1546551114429693, 0.13073598072775766, 0.11976452891571404, 0.12407337773665851, 0.13607776133883404, 0.11320672140783387, 0.10616355186394758, 0.09420994614081553, 0.11574575446345062, 0.07756276803498065, 0.08733868193014276, 0.1026812255304725, 0.11933416499066499, 0.0912784768043133, 0.07914823100450663, 0.061297294356292026, 0.13242834843727586, 0.0772471111219172, 0.06300506878277859, 0.06804642098768574, 0.06754334057779339, 0.06266463941426784, 0.05240092726523224, 0.038362625929599124, 0.02794688891691279, 0.028354656500814788, 0.04895012736080573, 0.02592684421728846, 0.04554718774759589, 0.030083623565198468, 0.061158594986208244, 0.07185437050190073, 0.049674161285116585, 0.02273808073189014, 0.037128236386223853, 0.033059503847459176, 0.033035949702975256, 0.029312193474831987, 0.054844011399235164], "acc": [0.8689236111111112, 0.9199303741347178, 0.9208006961538648, 0.9264577892783209, 0.9360313316445645, 0.9390774585559536, 0.9473455175822252, 0.9451697128456089, 0.9525674498527334, 0.9547432549006012, 0.9488685811157326, 0.9536553523766673, 0.958659703986763, 0.9601827673646447, 0.9582245428215638, 0.9567014792880564, 0.9582245428215638, 0.9604003481806829, 0.9677980853434331, 0.9614882507046167, 0.9732375979631024, 0.9686684069994536, 0.9649695389368308, 0.9619234113510636, 0.9684508268577934, 0.9712793733681462, 0.9767188859878155, 0.9632288948985366, 0.9697563098865141, 0.9767188859878155, 0.9775892078513368, 0.9778067885117493, 0.9797650130548303, 0.981288076432712, 0.9847693645093003, 0.9899912967798086, 0.9902088772845953, 0.9817232372866598, 0.9910791991481167, 0.9845517840045136, 0.9882506525858886, 0.9819408177914466, 0.9769364667001033, 0.9830287206266318, 0.9919495213228895, 0.9871627500619548, 0.9880330722367275, 0.9886858137510879, 0.9906440382941688, 0.98411662299494]}