{"R": 145.44168531859725, "G": 145.44168531859725, "B": 145.44168531859725}