{"R": 145.42245859930347, "G": 145.42245859930347, "B": 145.42245859930347}